[
    {
        "id": 1,
        "date": "2025-05-25 14:38",
        "grade": "M 25",
        "strength": 31.6,
        "wc_ratio": 0.55,
        "cement": 305.28,
        "water": 167.904,
        "fine_agg": 819.9127177063008,
        "coarse_agg": 1179.87439865053,
        "admixture": 6.1056
    },
    {
        "id": 2,
        "date": "2025-05-25 14:40",
        "grade": "M 40",
        "strength": 48.25,
        "wc_ratio": 0.45,
        "cement": 280.98400000000004,
        "water": 153.264,
        "fine_agg": 842.4215303380937,
        "coarse_agg": 1103.1247291032316,
        "admixture": 5.619680000000001,
        "fly_ash": 93.66133333333335,
        "cement_saved": 59.602666666666664
    },
    {
        "id": 3,
        "date": "2025-05-25 17:08",
        "grade": "M 25",
        "strength": 31.6,
        "wc_ratio": 0.55,
        "cement": 305.28,
        "water": 167.904,
        "fine_agg": 819.9127177063008,
        "coarse_agg": 1179.87439865053,
        "admixture": 6.1056
    },
    {
        "id": 4,
        "date": "2025-06-12 17:57",
        "grade": "M 25",
        "strength": 31.6,
        "wc_ratio": 0.55,
        "cement": 305.28,
        "water": 167.904,
        "fine_agg": 819.9127177063008,
        "coarse_agg": 1179.87439865053,
        "admixture": 6.1056
    },
    {
        "id": 5,
        "date": "2025-06-12 17:58",
        "grade": "M 25",
        "strength": 31.6,
        "wc_ratio": 0.55,
        "cement": 305.28,
        "water": 167.904,
        "fine_agg": 819.9127177063008,
        "coarse_agg": 1179.87439865053,
        "admixture": 6.1056
    }
]